<?xml version="1.0" encoding="UTF-8"?><rss version="2.0"
	xmlns:content="http://purl.org/rss/1.0/modules/content/"
	xmlns:wfw="http://wellformedweb.org/CommentAPI/"
	xmlns:dc="http://purl.org/dc/elements/1.1/"
	xmlns:atom="http://www.w3.org/2005/Atom"
	xmlns:sy="http://purl.org/rss/1.0/modules/syndication/"
	xmlns:slash="http://purl.org/rss/1.0/modules/slash/"
	>

<channel>
	<title>Panetteria &#8211; Sweet Bakery</title>
	<atom:link href="http://localhost/week5day5/categoria-prodotto/panetteria/feed/?simply_static_page=232" rel="self" type="application/rss+xml" />
	<link>./../../../index.html</link>
	<description></description>
	<lastBuildDate>Tue, 28 Mar 2023 17:41:31 +0000</lastBuildDate>
	<language>it-IT</language>
	<sy:updatePeriod>
	hourly	</sy:updatePeriod>
	<sy:updateFrequency>
	1	</sy:updateFrequency>
	<generator>https://wordpress.org/?v=6.1.1</generator>
	<item>
		<title>Focaccia Rosmarino</title>
		<link>./../../../prodotto/focaccia-rosmarino/index.html</link>
					<comments>./../../../prodotto/focaccia-rosmarino/index.html#respond</comments>
		
		<dc:creator><![CDATA[cosimo]]></dc:creator>
		<pubDate>Tue, 28 Mar 2023 17:41:31 +0000</pubDate>
				<guid isPermaLink="false">./../../../index.html?post_type=product#038;p=380</guid>

					<description><![CDATA[La focaccia al rosmarino è un pane piatto e soffice, tipico della tradizione italiana. La sua consistenza morbida e leggera, unita al profumo intenso del rosmarino, la rende una scelta perfetta per accompagnare pasti salati come antipasti, zuppe e insalate. Questa deliziosa focaccia è preparata con ingredienti di alta qualità, tra cui farina di grano [&#8230;]]]></description>
										<content:encoded><![CDATA[<p><img decoding="async" class="alignnone size-full wp-image-381" src="./../../../wp-content/uploads/2023/03/focaccia-rosmarino-.jpeg" alt="" width="275" height="183" srcset="./../../../wp-content/uploads/2023/03/focaccia-rosmarino-.jpeg 275w, ./../../../wp-content/uploads/2023/03/focaccia-rosmarino--200x133.jpeg 200w" sizes="(max-width: 275px) 100vw, 275px" />La focaccia al rosmarino è un pane piatto e soffice, tipico della tradizione italiana. La sua consistenza morbida e leggera, unita al profumo intenso del rosmarino, la rende una scelta perfetta per accompagnare pasti salati come antipasti, zuppe e insalate. Questa deliziosa focaccia è preparata con ingredienti di alta qualità, tra cui farina di grano italiano, olio d&#8217;oliva extravergine e rosmarino fresco. La crosta croccante e dorata e la morbidezza dell&#8217;impasto la rendono irresistibile al palato. Provate la nostra focaccia al rosmarino per un&#8217;esperienza di gusto autentica e indimenticabile.</p>
]]></content:encoded>
					
					<wfw:commentRss>./../../../prodotto/focaccia-rosmarino/feed/index.html</wfw:commentRss>
			<slash:comments>0</slash:comments>
		
		
			</item>
		<item>
		<title>Pagnotta di pane integrale</title>
		<link>./../../../prodotto/pagnotta-di-pane-integrale/index.html</link>
					<comments>./../../../prodotto/pagnotta-di-pane-integrale/index.html#respond</comments>
		
		<dc:creator><![CDATA[cosimo]]></dc:creator>
		<pubDate>Tue, 28 Mar 2023 17:36:19 +0000</pubDate>
				<guid isPermaLink="false">./../../../index.html?post_type=product#038;p=378</guid>

					<description><![CDATA[La pagnotta di pane integrale è un classico del nostro assortimento di prodotti da forno. Realizzata con farina integrale di alta qualità, questo pane ha un sapore nutriente e rustico. La sua crosta croccante nasconde un interno morbido e leggero, che lo rende perfetto per accompagnare qualsiasi pasto o per essere gustato da solo. La [&#8230;]]]></description>
										<content:encoded><![CDATA[<p><img decoding="async" class="alignnone size-full wp-image-379" src="./../../../wp-content/uploads/2023/03/pane-integrale.jpeg" alt="" width="259" height="194" srcset="./../../../wp-content/uploads/2023/03/pane-integrale.jpeg 259w, ./../../../wp-content/uploads/2023/03/pane-integrale-200x150.jpeg 200w" sizes="(max-width: 259px) 100vw, 259px" />La pagnotta di pane integrale è un classico del nostro assortimento di prodotti da forno. Realizzata con farina integrale di alta qualità, questo pane ha un sapore nutriente e rustico. La sua crosta croccante nasconde un interno morbido e leggero, che lo rende perfetto per accompagnare qualsiasi pasto o per essere gustato da solo. La pagnotta di pane integrale è un&#8217;ottima scelta per coloro che vogliono mantenere uno stile di vita sano e gustoso allo stesso tempo.</p>
]]></content:encoded>
					
					<wfw:commentRss>./../../../prodotto/pagnotta-di-pane-integrale/feed/index.html</wfw:commentRss>
			<slash:comments>0</slash:comments>
		
		
			</item>
		<item>
		<title>Pagnotta di pane fresco</title>
		<link>./../../../prodotto/pagnotta-di-pane-fresco/index.html</link>
					<comments>./../../../prodotto/pagnotta-di-pane-fresco/index.html#respond</comments>
		
		<dc:creator><![CDATA[cosimo]]></dc:creator>
		<pubDate>Tue, 28 Mar 2023 17:34:06 +0000</pubDate>
				<guid isPermaLink="false">./../../../index.html?post_type=product#038;p=376</guid>

					<description><![CDATA[La pagnotta di pane fresco è un prodotto classico e versatile, che si presta ad accompagnare ogni pasto con il suo gusto rustico e autentico. La crosta croccante e dorata nasconde una morbida e fragrante mollica, che si scioglie in bocca lasciando un leggero aroma di cereali. Ottima da gustare da sola o accompagnata da [&#8230;]]]></description>
										<content:encoded><![CDATA[<p><img decoding="async" class="size-medium wp-image-377" src="./../../../wp-content/uploads/2023/03/pane-fresco-300x199.jpg" alt="" width="300" height="199" /></p>
<p>La pagnotta di pane fresco è un prodotto classico e versatile, che si presta ad accompagnare ogni pasto con il suo gusto rustico e autentico. La crosta croccante e dorata nasconde una morbida e fragrante mollica, che si scioglie in bocca lasciando un leggero aroma di cereali. Ottima da gustare da sola o accompagnata da formaggi, salumi e verdure fresche, la pagnotta di pane fresco è un must per ogni appassionato di panificazione tradizionale. Preparata con ingredienti di alta qualità e lavorata con cura artigianale, rappresenta un prodotto di eccellenza in grado di soddisfare anche i palati più esigenti.</p>
<p>&nbsp;</p>
]]></content:encoded>
					
					<wfw:commentRss>./../../../prodotto/pagnotta-di-pane-fresco/feed/index.html</wfw:commentRss>
			<slash:comments>0</slash:comments>
		
		
			</item>
		<item>
		<title>Baguette</title>
		<link>./../../../prodotto/baguette/index.html</link>
					<comments>./../../../prodotto/baguette/index.html#respond</comments>
		
		<dc:creator><![CDATA[cosimo]]></dc:creator>
		<pubDate>Tue, 28 Mar 2023 17:30:52 +0000</pubDate>
				<guid isPermaLink="false">./../../../index.html?post_type=product#038;p=374</guid>

					<description><![CDATA[La baguette è uno dei tipi di pane più famosi in Francia e in tutto il mondo. Ha una forma allungata e sottile con una crosta croccante e dorata e un interno soffice e morbido. La sua consistenza croccante fuori e soffice dentro la rende ideale da gustare come accompagnamento ai pasti o per preparare [&#8230;]]]></description>
										<content:encoded><![CDATA[<p><img decoding="async" class="alignnone size-full wp-image-375" src="./../../../wp-content/uploads/2023/03/Baguette.jpeg" alt="" width="297" height="169" srcset="./../../../wp-content/uploads/2023/03/Baguette.jpeg 297w, ./../../../wp-content/uploads/2023/03/Baguette-200x114.jpeg 200w" sizes="(max-width: 297px) 100vw, 297px" />La baguette è uno dei tipi di pane più famosi in Francia e in tutto il mondo. Ha una forma allungata e sottile con una crosta croccante e dorata e un interno soffice e morbido. La sua consistenza croccante fuori e soffice dentro la rende ideale da gustare come accompagnamento ai pasti o per preparare panini. Tradizionalmente, la baguette viene fatta con farina, lievito, acqua e sale, ma ci sono anche varianti aromatizzate con erbe e spezie. In Francia, la baguette è spesso considerata un simbolo della cultura culinaria nazionale e viene consumata quotidianamente da molte persone.</p>
]]></content:encoded>
					
					<wfw:commentRss>./../../../prodotto/baguette/feed/index.html</wfw:commentRss>
			<slash:comments>0</slash:comments>
		
		
			</item>
	</channel>
</rss>
