<?xml version="1.0" encoding="UTF-8"?><rss version="2.0"
	xmlns:content="http://purl.org/rss/1.0/modules/content/"
	xmlns:wfw="http://wellformedweb.org/CommentAPI/"
	xmlns:dc="http://purl.org/dc/elements/1.1/"
	xmlns:atom="http://www.w3.org/2005/Atom"
	xmlns:sy="http://purl.org/rss/1.0/modules/syndication/"
	xmlns:slash="http://purl.org/rss/1.0/modules/slash/"
	>

<channel>
	<title>Rosticceria &#8211; Sweet Bakery</title>
	<atom:link href="http://localhost/week5day5/categoria-prodotto/rosticceria/feed/?simply_static_page=237" rel="self" type="application/rss+xml" />
	<link>./../../../index.html</link>
	<description></description>
	<lastBuildDate>Tue, 28 Mar 2023 17:53:40 +0000</lastBuildDate>
	<language>it-IT</language>
	<sy:updatePeriod>
	hourly	</sy:updatePeriod>
	<sy:updateFrequency>
	1	</sy:updateFrequency>
	<generator>https://wordpress.org/?v=6.1.1</generator>
	<item>
		<title>Rustici (10pz)</title>
		<link>./../../../prodotto/rustici-10pz/index.html</link>
					<comments>./../../../prodotto/rustici-10pz/index.html#respond</comments>
		
		<dc:creator><![CDATA[cosimo]]></dc:creator>
		<pubDate>Tue, 28 Mar 2023 17:53:40 +0000</pubDate>
				<guid isPermaLink="false">./../../../index.html?post_type=product#038;p=385</guid>

					<description><![CDATA[I rustici sono dei deliziosi prodotti da forno a base di pasta sfoglia ripiena di ingredienti gustosi come verdure, formaggi, salumi o carne. Sono l&#8217;ideale per una pausa pranzo o per un aperitivo sfizioso, perfetti da gustare caldi o freddi a seconda delle preferenze personali. La croccantezza della pasta sfoglia si sposa alla perfezione con [&#8230;]]]></description>
										<content:encoded><![CDATA[<p><img decoding="async" class="alignnone size-full wp-image-386" src="./../../../wp-content/uploads/2023/03/rustici.jpeg" alt="" width="275" height="183" srcset="./../../../wp-content/uploads/2023/03/rustici.jpeg 275w, ./../../../wp-content/uploads/2023/03/rustici-200x133.jpeg 200w" sizes="(max-width: 275px) 100vw, 275px" />I rustici sono dei deliziosi prodotti da forno a base di pasta sfoglia ripiena di ingredienti gustosi come verdure, formaggi, salumi o carne. Sono l&#8217;ideale per una pausa pranzo o per un aperitivo sfizioso, perfetti da gustare caldi o freddi a seconda delle preferenze personali. La croccantezza della pasta sfoglia si sposa alla perfezione con il ripieno morbido e saporito, creando un mix di sapori che conquista il palato di ogni commensale. I rustici sono inoltre un&#8217;ottima soluzione per chi desidera un pasto veloce ma al tempo stesso gustoso e soddisfacente, senza rinunciare alla qualità degli ingredienti e alla bontà del cibo fatto in casa.</p>
]]></content:encoded>
					
					<wfw:commentRss>./../../../prodotto/rustici-10pz/feed/index.html</wfw:commentRss>
			<slash:comments>0</slash:comments>
		
		
			</item>
		<item>
		<title>Pizzette (6pz)</title>
		<link>./../../../prodotto/pizzette-6pz/index.html</link>
					<comments>./../../../prodotto/pizzette-6pz/index.html#respond</comments>
		
		<dc:creator><![CDATA[cosimo]]></dc:creator>
		<pubDate>Tue, 28 Mar 2023 17:49:37 +0000</pubDate>
				<guid isPermaLink="false">./../../../index.html?post_type=product#038;p=383</guid>

					<description><![CDATA[Le pizzette sono piccole pizze individuali, cotte in forno a legna e preparate con ingredienti freschi di alta qualità. Sono croccanti all&#8217;esterno e morbide all&#8217;interno, con un delizioso mix di sapori. La loro dimensione le rende perfette per essere gustate come spuntino o come piatto principale, e possono essere personalizzate con una vasta gamma di [&#8230;]]]></description>
										<content:encoded><![CDATA[<p><img decoding="async" class="alignnone size-full wp-image-384" src="./../../../wp-content/uploads/2023/03/pizzette.jpeg" alt="" width="275" height="183" srcset="./../../../wp-content/uploads/2023/03/pizzette.jpeg 275w, ./../../../wp-content/uploads/2023/03/pizzette-200x133.jpeg 200w" sizes="(max-width: 275px) 100vw, 275px" />Le pizzette sono piccole pizze individuali, cotte in forno a legna e preparate con ingredienti freschi di alta qualità. Sono croccanti all&#8217;esterno e morbide all&#8217;interno, con un delizioso mix di sapori. La loro dimensione le rende perfette per essere gustate come spuntino o come piatto principale, e possono essere personalizzate con una vasta gamma di topping, come pomodoro, mozzarella, salumi, verdure e molto altro. Ideali da condividere con amici e famiglia, le pizzette di Sweet Bakery sono un&#8217;autentica delizia per il palato e un&#8217;ottima scelta per un pasto rapido e gustoso.</p>
]]></content:encoded>
					
					<wfw:commentRss>./../../../prodotto/pizzette-6pz/feed/index.html</wfw:commentRss>
			<slash:comments>0</slash:comments>
		
		
			</item>
	</channel>
</rss>
